timestamp,texto,sentimento_original,valor_modelo,valor_cliente,media_ponderada,peso_cliente_original,peso_modelo_original,peso_cliente_normalizado,peso_modelo_normalizado,sentimento_ponderado,concordancia_cliente_modelo
2025-03-29 18:28:45,Adorei o produto! Chegou r√°pido e a qualidade √© excelente. Recomendo a todos!,positivo,3,3,3.0,30,80,27.27272727272727,72.72727272727273,positivo,True
2025-03-29 18:28:53,Atendimento p√©ssimo! O produto veio com defeito e n√£o quiseram trocar. Nunca mais compro nessa loja.,negativo,1,2,1.2727272727272727,30,80,27.27272727272727,72.72727272727273,negativo,False
2025-03-29 18:37:22,est√° escutando,positivo,3,3,3.0,30,80,27.27272727272727,72.72727272727273,positivo,True
2025-03-29 18:38:22,Adorei o produto! Chegou r√°pido e a qualidade √© excelente. Recomendo a todos!,positivo,3,3,3.0,30,80,27.27272727272727,72.72727272727273,positivo,True
2025-03-29 18:38:48,"N√£o gostei do produto, e a entrega foi muito lenta.",negativo,1,1,1.0,30,80,27.27272727272727,72.72727272727273,negativo,True
2025-03-29 18:48:46,Entrega dentro do prazo,positivo,3,2,2.727272727272727,30,80,27.27272727272727,72.72727272727273,positivo,False
2025-03-29 18:48:56,Entregou,neutro,2,1,1.7272727272727273,30,80,27.27272727272727,72.72727272727273,neutro,False
2025-03-29 18:50:06,"Produto normal, nada excepcional. Entrega no prazo e o atendimento foi correto. Pre√ßo justo.",neutro,2,3,2.2727272727272725,30,80,27.27272727272727,72.72727272727273,neutro,False
2025-03-29 20:16:02,"N√£o gostei da compra, a entrega foi lenta e o produto √© ruim.",negativo,1,1,1.0,30,80,27.27272727272727,72.72727272727273,negativo,True
2025-03-29 20:16:35,"Gostei da compra, a entrega foi r√°pido. Tudo certo",positivo,3,3,3.0,30,80,27.27272727272727,72.72727272727273,positivo,True
2025-03-29 20:18:28,a compra Acho que a entrega foi r√°pido,positivo,3,2,2.727272727272727,30,80,27.27272727272727,72.72727272727273,positivo,False
2025-03-29 20:18:50,da compra chega entrega foi r√°pida tudo certo,positivo,3,3,3.0,30,80,27.27272727272727,72.72727272727273,positivo,True
2025-03-29 20:24:27,n√£o gostei do produto entrega lenta n√£o gostei da compra,negativo,1,2,1.2727272727272727,30,80,27.27272727272727,72.72727272727273,negativo,False
2025-03-29 20:27:45,"Compra, mediana. Entrega fraca",negativo,1,1,1.0,30,80,27.27272727272727,72.72727272727273,negativo,True
2025-03-29 20:28:26,"Compra mediana, entrega n√£o foi lenta.",neutro,2,1,1.7272727272727273,30,80,27.27272727272727,72.72727272727273,neutro,False
2025-03-29 20:29:05,"Compra mediana, entrega n√£o demorou.",neutro,2,1,1.7272727272727273,30,80,27.27272727272727,72.72727272727273,neutro,False
2025-03-29 20:49:49,a entrega foi muito ruim n√£o gostei da compra achei que foi muito lento n√£o gostei,negativo,1,1,1.0,30,80,27.27272727272727,72.72727272727273,negativo,True
2025-03-29 20:50:19,Gostei da compra a entrega foi r√°pido tudo muito bom gostei,positivo,3,3,3.0,30,80,27.27272727272727,72.72727272727273,positivo,True
2025-03-29 20:51:01,produto muito bom por√©m a entrega teve,positivo,3,3,3.0,30,80,27.27272727272727,72.72727272727273,positivo,True
2025-03-29 20:51:21,produto foi ilegal por√©m n√£o estou satisfeito com entrega,negativo,1,1,1.0,30,80,27.27272727272727,72.72727272727273,negativo,True
2025-03-29 20:51:48,√© bom por√©m n√£o estou satisfeito com a entrega,neutro,2,2,2.0,30,80,27.27272727272727,72.72727272727273,neutro,True
2025-03-29 20:53:01,Atendimento p√©ssimo! O produto veio com defeito e n√£o quiseram trocar. Nunca mais compro nessa loja.,negativo,1,1,1.0,30,80,27.27272727272727,72.72727272727273,negativo,True
2025-03-29 21:13:47,feira compra mas a entrega n√£o foi t√£o r√°pida poderia ser melhor,neutro,2,2,2.0,30,80,27.27272727272727,72.72727272727273,neutro,True
2025-03-29 21:14:48,N√£o quero comentar sobre a compra.,negativo,1,1,1.0,30,80,27.27272727272727,72.72727272727273,negativo,True
2025-03-29 21:21:01,"O ventilador √© elogiado por ser potente, bonito e silencioso, proporcionando um vento forte que alcan√ßa longas dist√¢ncias. Destaca-se tamb√©m pelo excelente custo-benef√≠cio e facilidade de instala√ß√£o, sendo robusto e aparentando durabilidade. No entanto, alguns usu√°rios mencionam que ele pode ser um pouco barulhento na velocidade m√°xima.",positivo,3,3,3.0,30,80,27.27272727272727,72.72727272727273,positivo,True
2025-03-29 21:21:46,"Produto bem fr√°gil. N√£o tem al√ßa para a movimenta√ß√£o do produto. O motor aquece bastante.
",negativo,1,1,1.0,30,80,27.27272727272727,72.72727272727273,negativo,True
2025-03-29 21:23:58,"Tem um bom custo-befeficio. √â silencioso considerando o tamanho, e tem um vento forte. Mas o material √© muito ruim, pl√°stico mole, n√£o tem firmeza e o juste de inclina√ß√£o n√£o suporta o pr√≥prio peso, ent√£o s√≥ possivel direcionar o vento pra frente, pois a trava n√£o aguenta a inclina√ß√£o pra cima.",neutro,2,1,1.7272727272727273,30,80,27.27272727272727,72.72727272727273,neutro,False
2025-03-29 21:37:25,"J√° conhecia o produto e √© um dos meus preferidos. Comprei por est√° com um pre√ßo muito bom, s√≥ que n√£o sei o que estar acontecendo que este que comprei n√£o tem a fixa√ß√£o dos outros que comprei e depois de 1 hora j√° n√£o sinto cheiro de nada. Muito triste ",negativo,1,1,1.0,30,80,27.27272727272727,72.72727272727273,negativo,True
2025-03-29 21:38:03,"A dura√ß√£o do cheiro √© pouqu√≠ssimos, ap√≥s 1h nem sinto mais o cheiro",negativo,1,1,1.0,30,80,27.27272727272727,72.72727272727273,negativo,True
2025-03-29 21:40:28,Produto n√£o fixa tanto como os que j√° comprei anteriormente,negativo,1,1,1.0,30,80,27.27272727272727,72.72727272727273,negativo,True
2025-03-29 23:00:08,Testando a analise e sentimento,positivo,3,3,3.0,30,80,27.27272727272727,72.72727272727273,positivo,True
2025-03-29 23:39:36,n√£o gostei do produto,negativo,1,1,1.0,30,80,27.27272727272727,72.72727272727273,negativo,True
2025-03-30 00:00:37,N√£o entendi o que voc√™ disse.,neutro,2,1,1.7272727272727273,30,80,27.27272727272727,72.72727272727273,neutro,False
2025-03-30 00:00:53,eu n√£o gostei do produto,negativo,1,2,1.2727272727272727,30,80,27.27272727272727,72.72727272727273,negativo,False
2025-03-30 00:04:28,eu n√£o gostei do produto,negativo,1,2,1.2727272727272727,30,80,27.27272727272727,72.72727272727273,negativo,False
2025-03-30 00:04:56,eu n√£o gostei do produto,neutro,2,3,2.2727272727272725,30,80,27.27272727272727,72.72727272727273,neutro,False
2025-03-30 00:05:32,Amei o produto e a entrega super rapida.,neutro,2,2,2.0,30,80,27.27272727272727,72.72727272727273,neutro,True
2025-03-30 00:12:58,"Nao gostei do produto, mas a entrega foi boa.",negativo,1,1,1.0,30,80,27.27272727272727,72.72727272727273,negativo,True
2025-03-30 00:12:58,"Nao gostei do produto, mas a entrega foi boa.",negativo,1,1,1.0,30,80,27.27272727272727,72.72727272727273,negativo,True
2025-03-30 00:13:56,"N√£o gostei do produto, mas entrega foi boa.",negativo,1,1,1.0,30,80,27.27272727272727,72.72727272727273,negativo,True
2025-03-30 00:13:56,"N√£o gostei do produto, mas entrega foi boa.",negativo,1,1,1.0,30,80,27.27272727272727,72.72727272727273,negativo,True
2025-03-30 00:18:02,"N√£o gostei do produto, mas entrega foi boa.",negativo,1,1,1.0,30,80,27.27272727272727,72.72727272727273,negativo,True
2025-03-30 00:18:02,"N√£o gostei do produto, mas entrega foi boa.",negativo,1,1,1.0,30,80,27.27272727272727,72.72727272727273,negativo,True
2025-03-30 00:29:46,N√£o entendi o que voc√™ disse.,neutro,2,3,2.2727272727272725,30,80,27.27272727272727,72.72727272727273,neutro,False
2025-03-30 00:30:19,N√£o entendi o que voc√™ disse.,neutro,2,2,2.0,30,80,27.27272727272727,72.72727272727273,neutro,True
2025-03-30 00:42:06,um dois tr√™s testando,negativo,1,1,1.0,30,80,27.27272727272727,72.72727272727273,negativo,True
2025-03-30 00:50:36,e o produto √© ruim,neutro,2,2,2.0,30,80,27.27272727272727,72.72727272727273,neutro,True
2025-04-03 22:26:52,Eu nao gostei,negativo,1,1,1.0,30,80,27.27272727272727,72.72727272727273,negativo,True
2025-04-03 22:28:28,Achei q o perfume fosse melhor‚Ä¶ mas achei muito suave pelo pre√ßo.,neutro,2,2,2.0,30,80,27.27272727272727,72.72727272727273,neutro,True
2025-04-03 22:28:54,√â muito gostoso o cheiro. Por√©m n√£o ten nem um m√™s que comprei e j√° est√° acabando. Quase n√£o fixa na pele e pra eh sentir o cheiro tenho q colocar bastante na roupa.,neutro,2,1,1.7272727272727273,30,80,27.27272727272727,72.72727272727273,neutro,False
2025-04-03 22:29:42,"Na curiosidade em saber se o perfume la nuit tresor lancome era bom, acabei comprando e, realmente fiquei impactada. Extremamente marcante. Excelente aquisi√ß√£o.
",positivo,3,3,3.0,30,80,27.27272727272727,72.72727272727273,positivo,True
2025-04-03 22:30:08,"Nota mil de 10 üòç apaixonada, perfume doce, marcante, sensual, um cheiro viciante! amei ü•∞ü´∂.",positivo,3,3,3.0,30,80,27.27272727272727,72.72727272727273,positivo,True
2025-04-03 22:47:31,"A ENTREGA FOI BOA, POREM O PRODUTO √â FR√ÅGIL",neutro,2,3,2.2727272727272725,30,80,27.27272727272727,72.72727272727273,neutro,False
2025-04-04 21:38:52,"N√£o gostei do produto, e a entrega foi muito ruim.",negativo,1,2,1.2727272727272727,30,80,27.27272727272727,72.72727272727273,negativo,False
2025-04-04 21:41:18,"Gostei do produto, e a entrega foi muito r√°pida.",neutro,2,2,2.0,30,80,27.27272727272727,72.72727272727273,neutro,True
2025-04-04 21:41:18,"Gostei do produto, e a entrega foi muito r√°pida.",neutro,2,3,2.2727272727272725,30,80,27.27272727272727,72.72727272727273,neutro,False
2025-04-04 21:48:37,"N√£o gostei do produto, e a entrega foi muito lenta.",positivo,3,2,2.727272727272727,30,80,27.27272727272727,72.72727272727273,positivo,False
2025-04-04 21:48:37,"N√£o gostei do produto, e a entrega foi muito lenta.",positivo,3,2,2.727272727272727,30,80,27.27272727272727,72.72727272727273,positivo,False
2025-04-06 13:43:49,"Tem um bom custo-befeficio. √â silencioso considerando o tamanho, e tem um vento forte. Mas o material √© muito ruim, pl√°stico mole, n√£o tem firmeza e o juste de inclina√ß√£o n√£o suporta o pr√≥prio peso, ent√£o s√≥ possivel direcionar o vento pra frente, pois a trava n√£o aguenta a inclina√ß√£o pra cima.",negativo,1,1,1.0,30,80,27.27272727272727,72.72727272727273,negativo,True
2025-04-06 13:44:24,Mc testando 1 2 3,neutro,2,2,2.0,30,80,27.27272727272727,72.72727272727273,neutro,True
2025-04-06 13:44:37,sair do produto por√©m achei entrega muito lenta,neutro,2,2,2.0,30,80,27.27272727272727,72.72727272727273,neutro,True
2025-04-06 14:13:39,Adorei o produto! Chegou r√°pido e a qualidade √© excelente. Recomendo a todos!,positivo,3,3,3.0,30,80,27.27272727272727,72.72727272727273,positivo,True
2025-04-06 14:51:04,Adorei o produto! Chegou r√°pido e a qualidade √© excelente. Recomendo a todos!,positivo,3,3,3.0,30,80,27.27272727272727,72.72727272727273,positivo,True
2025-04-06 16:03:43,n√£o gostei da compra e entrega demorou muito,negativo,1,1,1.0,30,80,27.27272727272727,72.72727272727273,negativo,True
2025-04-06 16:03:52,n√£o gostei da compra e entrega demorou muito,negativo,1,1,1.0,30,80,27.27272727272727,72.72727272727273,negativo,True
2025-04-06 16:03:52,n√£o gostei da compra e entrega demorou muito,negativo,1,1,1.0,30,80,27.27272727272727,72.72727272727273,negativo,True
2025-04-06 16:15:12,Atendimento p√©ssimo! O produto veio com defeito e n√£o quiseram trocar. Nunca mais compro nessa loja.,negativo,1,1,1.0,30,80,27.27272727272727,72.72727272727273,negativo,True
2025-04-06 16:20:45,A empresa entregou o produto com qualidade excelente. O atendimento foi √≥timo e o pre√ßo justo. Recomendo a marca para todos.,positivo,3,3,3.0,30,80,27.27272727272727,72.72727272727273,positivo,True
2025-04-06 16:21:34,"O produto √© bom, mas a entrega demorou muito mais do que o prometido. Isso deixou muito a desejar.",negativo,1,1,1.0,30,80,27.27272727272727,72.72727272727273,negativo,True
2025-04-06 16:22:03,Atendimento p√©ssimo! O produto veio com defeito e n√£o quiseram trocar. Nunca mais compro nessa loja.,negativo,1,2,1.2727272727272727,30,80,27.27272727272727,72.72727272727273,negativo,False
2025-04-06 16:22:52,"O produto √© bom, mas a entrega demorou muito mais do que o prometido. Isso deixou muito a desejar.",negativo,1,1,1.0,30,80,27.27272727272727,72.72727272727273,negativo,True
2025-04-06 16:28:31,"O produto √© bom, mas a entrega demorou muito mais do que o prometido. Isso deixou muito a desejar.",negativo,1,1,1.0,30,80,27.27272727272727,72.72727272727273,negativo,True
2025-04-06 16:30:58,"O produto √© bom, mas a entrega demorou muito mais do que o prometido. Isso deixou muito a desejar.",negativo,1,1,1.0,30,80,27.27272727272727,72.72727272727273,negativo,True
2025-04-06 16:31:16,Atendimento p√©ssimo! O produto veio com defeito e n√£o quiseram trocar. Nunca mais compro nessa loja.,negativo,1,2,1.2727272727272727,30,80,27.27272727272727,72.72727272727273,negativo,False
2025-04-06 16:32:47,Muito linda a botina mas deixou um pouquinho a desejar no conforto! mas super recomendo.,positivo,3,3,3.0,30,80,27.27272727272727,72.72727272727273,positivo,True
2025-04-06 16:33:17,Meu produto n√£o veio igual a propaganda. Outra coisa um dos pez est√° menor e pegando muito no peito do p√© incomodando muito. Fora isso √© muito bom.,positivo,3,3,3.0,30,80,27.27272727272727,72.72727272727273,positivo,True
2025-04-06 16:34:10,"Produto de qualidade baixa. Pro dia a dia n√£o serve, n√£o aguenta.",negativo,1,1,1.0,30,80,27.27272727272727,72.72727272727273,negativo,True
2025-04-06 16:34:37,"Forma pequena muito dura incomoda o p√© n√£o consegui ficar nem parte da manh√£ cal√ßada com ela.
",negativo,1,1,1.0,30,80,27.27272727272727,72.72727272727273,negativo,True
2025-04-06 16:35:02,N√£o gostei do material. Tem uma acabamento muito mal feito!!. Cheio de cola nas laterais.,negativo,1,1,1.0,30,80,27.27272727272727,72.72727272727273,negativo,True
2025-04-06 16:35:44,Na foto √© uma coisa quando chega √© muito diferente.,neutro,2,1,1.7272727272727273,30,80,27.27272727272727,72.72727272727273,neutro,False
2025-04-06 16:36:08,"Longe de ser o produto anunciado, apesar de ter pego um n√∫mero maior ficou extremamente apertado por√©m f√°cil de resolver para lacer o couro e s√≥ aquecer com o secador e colocar no p√© at√© esfriar uma vez que o couro lacea pois esfriar ele n√£o volta a ficar apertado o problema foi que a palmilha encolheu a ponto de ficar uma palmilha infantil.
",negativo,1,2,1.2727272727272727,30,80,27.27272727272727,72.72727272727273,negativo,False
2025-04-06 16:36:49,Muito apertada forma pequena.,negativo,1,1,1.0,30,80,27.27272727272727,72.72727272727273,negativo,True
2025-04-06 16:37:14,"Bonita e confort√°vel porem, durou apenas 1 m√™s e rasgou a sola, eu trabalho eu um mercado, n√£o √© uma trabalho t√£o pesado para durar t√£o pouco. Ent√£o n√£o comprarei novamente e n√£o. Recomendo comprarem!!!.",negativo,1,1,1.0,30,80,27.27272727272727,72.72727272727273,negativo,True
2025-04-06 16:38:20," bota e boa, mas veio sem palmilha, acho um erro desconsertante, porque agora terei de ir comprar a palmilha para usar.",negativo,1,1,1.0,30,80,27.27272727272727,72.72727272727273,negativo,True
2025-04-06 16:42:31,deu errado,negativo,1,1,1.0,30,80,27.27272727272727,72.72727272727273,negativo,True
2025-04-06 16:42:43,entrega demorou,negativo,1,1,1.0,30,80,27.27272727272727,72.72727272727273,negativo,True
2025-04-06 16:48:36,n√£o gostei do produto e achei que a entrega foi muito le,negativo,1,1,1.0,30,80,27.27272727272727,72.72727272727273,negativo,True
2025-04-06 16:49:01,e achei que entrega foi muito le,negativo,1,1,1.0,30,80,27.27272727272727,72.72727272727273,negativo,True
2025-04-06 16:49:17,eu n√£o gostei do produto e achei que a entrega foi muito le,negativo,1,2,1.2727272727272727,30,80,27.27272727272727,72.72727272727273,negativo,False
2025-04-06 16:49:52,eu n√£o gostei do produto e achei que entrega foi muito,negativo,1,1,1.0,30,80,27.27272727272727,72.72727272727273,negativo,True
2025-04-06 16:50:14,lenta,neutro,2,1,1.7272727272727273,30,80,27.27272727272727,72.72727272727273,neutro,False
2025-04-06 16:50:31,eu n√£o gostei do produto e achei que a entrega foi muito le,negativo,1,1,1.0,30,80,27.27272727272727,72.72727272727273,negativo,True
2025-04-06 16:55:25,duto e a entrega foi muito lenta,negativo,1,1,1.0,30,80,27.27272727272727,72.72727272727273,negativo,True
2025-04-06 16:55:40,eu n√£o gostei do produto e entrega foi muito,negativo,1,1,1.0,30,80,27.27272727272727,72.72727272727273,negativo,True
2025-04-06 16:55:59,eu n√£o gostei do produto e a entrega foi muito lenta,negativo,1,1,1.0,30,80,27.27272727272727,72.72727272727273,negativo,True
2025-04-06 16:56:17,eu n√£o gostei do produto e a entrega foi muito,negativo,1,1,1.0,30,80,27.27272727272727,72.72727272727273,negativo,True
2025-04-06 16:56:41,eu n√£o gostei do produto e entrega foi muito lenta,negativo,1,1,1.0,30,80,27.27272727272727,72.72727272727273,negativo,True
2025-04-06 16:57:24,a moto √© boa mas veio sem palmilha acha um erro desconcertante porque agora teria ido comprar palmilha para ela usar,negativo,1,1,1.0,30,80,27.27272727272727,72.72727272727273,negativo,True
2025-04-06 16:57:47,tu n√£o vem com o bico de a√ßo para prote√ß√£o e nem o capacete,negativo,1,1,1.0,30,80,27.27272727272727,72.72727272727273,negativo,True
2025-04-06 16:58:06,produto n√£o veio com um bico de a√ßo e nem,negativo,1,1,1.0,30,80,27.27272727272727,72.72727272727273,negativo,True
2025-04-06 16:58:22,tu n√£o viu com um bico de a√ßo e nem o capacete,neutro,2,1,1.7272727272727273,30,80,27.27272727272727,72.72727272727273,neutro,False
2025-04-06 16:58:38,produto n√£o veio com bico de a√ßo e nem o capacete,neutro,2,2,2.0,30,80,27.27272727272727,72.72727272727273,neutro,True
2025-04-06 17:32:38,Atendimento p√©ssimo! O produto veio com defeito e n√£o quiseram trocar. Nunca mais compro nessa loja.,negativo,1,1,1.0,30,80,27.27272727272727,72.72727272727273,negativo,True
